city,type,start,end,magnitude
Casablanca,structural_break,2026-08-12 00:00:00+01:00,2026-09-30 23:00:00+00:00,0.15
Casablanca,outage,2026-08-27 15:00:00+01:00,2026-08-28 03:00:00+01:00,
Casablanca,promo_spike,2026-09-11 00:00:00+01:00,2026-09-13 23:00:00+01:00,0.4
Nairobi,structural_break,2026-08-19 00:00:00+03:00,2026-09-30 23:00:00+03:00,0.15
Nairobi,outage,2026-09-02 10:00:00+03:00,2026-09-02 22:00:00+03:00,
Nairobi,promo_spike,2026-09-18 00:00:00+03:00,2026-09-20 23:00:00+03:00,0.35
Lagos,promo_spike,2026-09-04 00:00:00+01:00,2026-09-06 23:00:00+01:00,0.45
Lagos,structural_break,2026-08-27 00:00:00+01:00,2026-09-30 23:00:00+01:00,0.15
Lagos,outage,2026-09-09 06:00:00+01:00,2026-09-09 18:00:00+01:00,
